model,mean_phone_error_rate,mean_phone_feature_error_rate,mean_feature_error_rate
wav2vec_to_epitran,0.7112540829974939,7.283586007744305,0.2122056565596984
allosaurus_uni2005_ipa,0.7576741250883624,8.016423836713265,0.25871639958503057
allosaurus_uni2005_eng,0.7131707612257365,8.257145435453172,0.19937250601815895
allosaurus_eng2102_ipa,0.6604385838585156,7.6088304784406375,0.18184011431692126
allosaurus_eng2102_eng,0.6604385838585156,7.6088304784406375,0.18184011431692126
