model,mean_phone_error_rate,mean_phone_feature_error_rate,mean_feature_error_rate,substitutions,insertions,deletions
openai_whisper-large-v3-turbo_to_epitran,0.5772887283641265,8.211073374023757,0.2259284734263305,50463,27667,13070
openai_whisper-medium.en_to_epitran,0.5499432275130441,7.310904377502132,0.22244280274757375,50034,21421,14714
allosaurus_eng2102_eng,0.6603933050770255,7.605278270000655,0.1818645683741648,52453,15848,21796
excalibur12/wav2vec2-large-lv60_phoneme-timit_english_timit-4k,0.5203127700996912,5.853990286801864,0.20080682513005563,43680,16827,10975
