model,mean_phone_error_rate,mean_phone_feature_error_rate,mean_feature_error_rate
wav2vec_to_epitran,0.7097547292506734,7.275718645402638,0.21213827401443724
allosaurus_uni2005_ipa,0.7576553843919702,8.011706700794118,0.2588555731532004
allosaurus_uni2005_eng,0.7131305571366717,8.253470171293563,0.19947049861728822
allosaurus_eng2102_ipa,0.6592592411664898,7.604154361094704,0.18191053024087542
allosaurus_eng2102_eng,0.6592592411664898,7.604154361094704,0.18191053024087542
