model,mean_phone_error_rate,mean_phone_feature_error_rate,mean_feature_error_rate
openai_whisper-large-v3-turbo_to_epitran,0.5781315932660486,8.21396928529238,0.22622434038598946
openai_whisper-large-v3_to_epitran,0.570987556146434,7.786531141300782,0.22653974052640022
openai_whisper-medium.en_to_epitran,0.5502042599467379,7.314046400210015,0.22259512043116994
elgeish_wav2vec2-large-lv60-timit-asr_to_epitran,0.7112540829974939,7.283586007744305,0.2122056565596984
allosaurus_uni2005_ipa,0.7576741250883624,8.016423836713265,0.25871639958503057
allosaurus_uni2005_eng,0.7131707612257365,8.257145435453172,0.19937250601815895
allosaurus_eng2102_ipa,0.6604385838585156,7.6088304784406375,0.18184011431692126
allosaurus_eng2102_eng,0.6604385838585156,7.6088304784406375,0.18184011431692126
