model,mean_phone_error_rate,mean_phone_feature_error_rate,mean_feature_error_rate,substitutions,insertions,deletions
ginic/full_dataset_train_1_wav2vec2-large-xlsr-53-buckeye-ipa,0.25725541321869927,3.838879044431318,0.15889270689549376,24007,8704,10491
ginic/full_dataset_train_2_wav2vec2-large-xlsr-53-buckeye-ipa,0.25990117856952855,3.9631325063988974,0.16051199977743288,23916,8850,11065
ginic/full_dataset_train_3_wav2vec2-large-xlsr-53-buckeye-ipa,0.2632988358643905,3.9922474896633195,0.16096603652534586,25178,8634,11310
ginic/full_dataset_train_4_wav2vec2-large-xlsr-53-buckeye-ipa,0.25878868409313316,3.935838747784997,0.15890021476283797,23945,8808,10978
ginic/full_dataset_train_5_wav2vec2-large-xlsr-53-buckeye-ipa,0.25630769777757134,3.9024660366213824,0.15782096259121825,23951,8436,11062
